Trainer,Runner_male,Runner_female,Trainer_DOB,Runner_male_DOB,Runner_male_DOB
Caryn Rich,Tiger Bell,Leila Neal,04-14-46,06-03-90,02-28-03
Whitney Klein,Tyrone Harris,Cameran Warren,04-03-77,03-08-97,01-09-00
Patricia Powers,Chester Waller,Callie Mcfadden,12-11-46,08-08-80,06-23-95
Winifred Vinson,Fitzgerald Webster,Maxine Simmons,01-18-74,04-21-87,02-17-84
Mechelle Griffin,Dexter Hudson,Rhonda Holt,06-20-66,03-09-93,01-14-93
Rana Kidd,Cole Pennington,Tanya Rivera,09-29-77,09-18-81,11-24-88
Allegra Monroe,Ezra Tucker,Eliana Mccullough,09-01-68,06-14-87,01-31-96
Kiona Sanders,Austin Gibbs,Keelie Short,11-19-44,12-23-91,09-23-85
Chanda Cooley,Hayes Tanner,Hillary Britt,08-22-67,09-20-00,02-03-92
Desiree Walsh,Elliott Calhoun,Jaquelyn Alvarado,06-11-57,01-24-94,04-03-93
Eve Solomon,Austin Pate,Wyoming Dejesus,12-29-80,05-21-99,06-02-89
Laurel Rhodes,Keaton Wise,Christen Briggs,08-03-64,11-10-95,07-08-01
Felicia Franks,Murphy Hubbard,Maile Price,09-05-70,08-27-89,04-20-98
Aphrodite Rush,Nathan Irwin,Faith Fuentes,09-17-50,12-19-04,12-24-85
Maia Huffman,Seth Willis,Ria Martin,05-07-61,09-22-04,01-10-98
Inga Mccray,Kadeem Rasmussen,Vanna Chase,01-29-89,08-27-02,05-04-87
Katell Edwards,Henry Bartlett,Fredericka Cantu,10-22-51,04-24-02,11-18-83
Clare Castaneda,Kamal Joseph,Nyssa Gibbs,03-03-57,11-29-86,04-09-94
Rebekah Curtis,Aquila Vaughn,Amanda Melendez,07-18-89,01-19-88,11-01-01
Iona Calhoun,Anthony Stafford,Wilma Oneill,11-21-90,11-22-03,01-25-93
Tanisha Finch,Anthony Harding,Fredericka Moss,02-16-68,03-06-94,07-06-93
Lesley Herman,Ezekiel Church,Miriam Boyer,10-04-62,07-09-93,03-16-98
Kirsten Webster,Chaney Rivera,Amena Bird,03-12-64,12-13-85,04-16-97
Sigourney Quinn,Wing Macdonald,Bree Stark,01-08-58,08-16-99,01-17-91
Medge Reese,Thomas Mcleod,September Blackburn,11-28-90,03-26-82,03-14-96
May Hamilton,Elvis Langley,Kameko Dalton,06-10-62,07-19-94,09-19-90
Nell Chavez,Channing Hardin,Jada Whitney,01-01-63,01-04-00,02-15-91
Delilah Mccarty,Mufutau Mcclure,Emi Cobb,01-14-45,01-25-89,11-28-01
Uma Key,Wylie Saunders,Avye Grimes,10-23-58,09-24-89,02-05-98
Alexa Mcclain,Benjamin Mccarthy,Aretha Thompson,10-10-61,03-14-03,06-12-96
Brynne Fuentes,Lionel Rivera,Anne Carr,02-25-77,03-12-82,03-30-85
Sacha Gamble,Gage Solis,Rhonda Mathews,03-20-49,11-21-94,08-13-99
Candice Valentine,Axel Griffin,Amethyst Wheeler,05-18-79,09-09-99,12-06-92
Kirestin Salinas,Camden Kelly,Keelie Hooper,01-17-80,01-01-86,09-09-86
Dara Hunter,Chester Stanley,Nichole Lee,08-16-44,07-31-80,05-26-99
Jocelyn Holman,Colby Erickson,Hilary Pruitt,08-15-83,05-10-83,02-09-90
Iona Kline,Julian Albert,Briar Fuller,05-14-68,03-30-82,01-14-86
Desirae Mann,Byron Sullivan,Isabelle Humphrey,04-21-69,02-18-83,08-29-89
Tamekah Rivera,Chester Huff,Rhoda Horton,08-23-71,02-10-87,04-08-93
Sierra Malone,Deacon Mclean,Rachel Lott,02-13-60,05-15-03,06-03-85
Ariana Britt,Caesar Dunlap,Imogene Randolph,08-01-87,10-25-95,01-11-91
Jana Hopkins,Rigel Odom,Kimberley Marsh,08-02-51,09-23-93,12-23-87
Farrah Olsen,Curran Ellis,Aubrey Mitchell,02-02-73,06-15-86,11-07-97
Jena Hicks,Elijah Pruitt,Alana Booth,02-02-63,09-08-80,03-08-95
Priscilla Maldonado,Jacob Moore,Tanisha Mcmahon,02-06-59,08-28-93,08-21-91
Skyler Waller,Castor Henry,Kimberly Wade,11-09-75,06-11-94,02-05-97
Yvette Small,Valentine Hawkins,Doris Meyers,05-25-90,04-22-98,01-08-85
Nyssa Hayden,Hashim Ball,Jessamine Chapman,07-19-48,09-28-98,04-01-85
Erica Key,Arden Campbell,Mara Franklin,03-28-68,02-18-82,01-13-94
Maggy Rivera,Tad Alston,Glenna Lindsay,08-11-74,12-04-98,11-19-94
Nichole Murray,Dean Lowery,Elaine Bruce,12-28-77,07-21-82,02-04-94
Sierra Hughes,Brett Dotson,Alexis Little,12-31-77,07-16-92,01-01-92
Mia Mckenzie,Wesley Woodward,Willa Bray,09-27-61,09-09-95,08-09-98
Lesley Hartman,Cairo Lott,Madeson Walker,07-09-52,08-05-89,01-29-94
Vivian Fowler,Hop Wade,Sybill Buchanan,12-01-67,02-12-98,07-31-84
Debra Pearson,George Avila,Cailin Warner,04-07-81,07-28-80,04-13-93
Macey Collier,Lance Mills,Lillith Ramirez,03-31-44,04-06-01,10-06-93
Heather Kaufman,Kasper Larson,Jennifer Faulkner,10-18-48,06-15-04,12-14-95
Guinevere Henry,Nasim Gonzales,April Whitfield,08-23-59,03-21-89,05-06-87
Roanna Flores,Amos Wagner,Martina Lawrence,03-08-52,09-20-92,12-20-87
Tamara Irwin,Lucas Stevenson,Isabelle Bright,04-11-50,04-15-95,07-16-93
Astra Davenport,Ignatius Mccarty,Kylan Alvarado,07-27-45,09-04-88,01-03-88
Summer Compton,Ferris Gibson,Halla Ray,08-31-60,01-25-92,04-16-94
Teagan Hayes,Samson Martin,Raven Love,04-27-87,03-27-86,12-17-96
Quin Howard,Jesse Small,Leslie Chan,05-15-78,02-11-84,06-24-86
Jemima Melton,Baker Wilkinson,Astra Rowland,09-07-57,10-21-93,11-11-87
Grace Torres,Yoshio Meyers,Alisa Sawyer,06-28-89,12-20-90,03-30-84
Inez Wynn,Damon George,Ina Massey,12-13-83,06-15-82,09-17-98
Ima Cabrera,Bruno Riley,Yuri Harding,01-21-79,01-30-00,07-08-89
Jocelyn Hale,Finn Buck,Rina Gibson,11-28-64,08-05-96,02-23-94
Hermione Griffin,Blake Warner,Mia Mack,04-19-79,08-13-88,11-20-87
Giselle Tate,Mark Welch,Erica Parsons,12-08-59,07-03-82,10-29-88
Vielka Potts,Rahim Ball,Daria Chan,06-09-75,06-22-87,10-14-94
Justina Lambert,Drake Pierce,Montana Huff,11-14-54,10-07-00,03-31-93
Nevada Daniel,Ivor Richmond,Tanisha Workman,02-28-64,12-28-89,11-08-90
Yvette Washington,Hu Allison,Summer Diaz,09-17-59,05-12-85,02-27-91
Uma Foster,Aquila Horn,Yetta Lane,03-17-69,08-27-92,10-26-83
Holly Madden,Nolan Riley,Maile Summers,05-29-70,03-26-05,05-18-84
Autumn Chase,Alan Cunningham,Sheila Taylor,01-03-75,10-06-99,02-15-03
Sierra Adams,Isaiah Ramsey,Aspen Lowe,01-17-63,03-28-88,09-29-94
Alma Foreman,Colt Hewitt,Camille Welch,02-21-73,12-08-82,06-29-83
Lani Turner,Philip Lopez,Ifeoma Peck,03-13-51,11-16-86,01-18-84
Michelle Conway,Joel Mcgowan,Lenore Coffey,10-22-49,04-12-84,05-17-99
Amber Moreno,Raphael Wiley,Alika Reid,07-29-86,04-20-90,02-20-00
Morgan Mathews,Finn Wyatt,Kyla Foley,12-24-74,06-27-05,09-06-86
Xena Salazar,Thomas Erickson,Mari Swanson,07-09-43,11-29-81,04-29-87
Chastity Pugh,Igor Wright,Lavinia Ellis,12-08-75,08-01-90,04-09-03
Keiko Ochoa,Callum Berger,Florence Huff,07-21-59,07-09-01,04-11-84
Caryn Bridges,Dieter Graham,Cameran Klein,01-14-72,12-19-04,05-06-97
Kimberley Boyle,Dylan Sellers,Courtney Wiggins,06-10-56,06-05-85,07-10-02
Nadine Terry,Hayes Navarro,Jemima Blankenship,06-15-67,03-02-95,01-18-97
Hanae Sutton,Price Mcintyre,Ruth Long,11-26-67,11-03-94,10-07-91
Eugenia Mcintyre,Cameron Cooley,Shaeleigh Garza,11-17-86,04-11-05,12-15-95
Isabelle Brock,Gavin Brennan,Alexis Hansen,04-06-65,05-24-82,02-01-92
Charity Sosa,Avram Blackburn,Blair Ball,07-15-52,01-18-01,06-25-93
Ocean Mcleod,Hiram Giles,Kristen Combs,02-24-52,09-19-84,08-05-88
Darrel Vaughn,Edan Russell,Scarlett Kirkland,01-19-71,02-15-93,09-22-92
Eleanor Mcconnell,Cadman English,Mona Weiss,07-12-78,12-31-88,07-20-86
Whilemina Garrison,Norman Stevens,Lacota Page,12-11-74,01-29-04,08-08-99
Lareina Middleton,Russell Washington,Katelyn Lott,09-08-78,09-18-88,07-09-96
Alfreda Hahn,Benedict Kelley,Ursa Dickerson,08-12-54,06-14-05,05-04-87
Samantha Mcknight,Joshua Shepherd,Sigourney Rojas,02-11-60,10-26-99,10-01-88
Madison Callahan,Isaiah Cox,Nevada Scott,08-04-45,06-30-99,12-07-94
Sonia Wilkinson,Brent Hubbard,Mara Ford,10-22-52,05-31-82,04-14-95
Michelle Fields,Logan Vaughn,Abra Williams,06-29-73,03-16-96,03-26-90
Kylee Cotton,Hyatt Snyder,May Beach,08-09-61,10-04-89,04-20-94
Alfreda Shepard,Chandler Lopez,Amy Norman,07-31-82,09-13-81,03-28-02
Cheyenne Velasquez,Brennan Bowman,Yvonne Rosa,11-09-73,11-26-96,01-15-93
Chloe Jackson,Xander Keller,Urielle Sutton,04-28-60,10-07-82,09-23-01
Chiquita Stewart,Hamilton Roth,Ramona Morrow,09-04-85,10-30-86,08-01-97
Hermione Burris,Christian Deleon,India Vega,07-30-65,07-11-99,07-28-00
Kirestin Wagner,Akeem Tucker,Lila Pollard,01-02-57,10-12-87,12-22-91
Teegan Roman,Kelly Barrera,Ella Williamson,09-07-44,03-05-90,12-10-83
Sandra Meyers,Uriel Kim,Ramona Richardson,08-23-83,04-24-00,04-21-86
Ursula Stanton,Vincent Bullock,Shannon Preston,12-04-75,12-12-88,12-11-85
Moana Mclaughlin,Elliott Gamble,Lee Graves,06-23-53,06-17-86,09-15-83
Fatima Mays,Harrison Knox,Noelle Thompson,01-25-53,12-20-80,03-04-98
Colleen Lara,Thor Justice,Demetria Townsend,11-15-59,12-17-87,04-04-94
Lesley Kirk,Kermit Mcclure,Anjolie King,04-05-46,02-04-97,12-29-97
Risa Gates,Denton Michael,Ora Finley,01-01-64,07-01-89,12-25-98
Sage Burke,Fuller Lowe,Scarlett Yang,11-06-79,02-02-04,02-27-89
Kathleen Walters,Rooney Medina,Mikayla Kidd,12-06-56,05-14-01,11-18-96
Stacy Anthony,Leonard Mcintyre,Yoshi Patton,09-29-85,10-02-98,04-09-84
Madaline Tyler,Troy Farrell,Grace Mueller,02-16-70,11-17-99,12-27-93
Katelyn Pearson,Clayton Clarke,Jasmine Schneider,04-04-78,12-13-94,04-24-87
Xandra Summers,Trevor Bell,Haviva Sanford,10-27-68,07-13-86,02-25-03
Ulla Donovan,Chase Giles,Amela Preston,01-03-80,03-06-98,02-25-00
Quemby Townsend,Driscoll Jordan,Rowan Hubbard,09-15-54,12-18-85,01-16-88
Destiny Burgess,Connor Rosales,Adele Dickerson,02-02-61,01-04-81,09-27-84
Cara Hudson,Dane Berry,Jaime Valencia,05-25-63,07-22-82,12-09-94
MacKenzie Spence,Wing Sherman,Hermione Solomon,10-05-45,05-05-81,09-25-99
Shay Caldwell,Addison Todd,Urielle David,01-22-49,09-12-83,04-27-99
Tamekah Key,Deacon Trujillo,Sasha Terry,08-19-86,07-02-00,05-22-97
Gisela Farley,Rafael Nicholson,Kylee Stevenson,06-17-63,06-07-85,08-19-84
Vanna Murray,Driscoll Fowler,Kelsey Colon,06-17-51,08-12-99,04-16-91
Dahlia Mason,Declan Colon,TaShya Cleveland,04-26-81,04-22-02,05-13-87
Kirsten Ewing,Harrison Mathis,Shaine Cherry,05-31-80,03-05-05,07-19-85
Minerva Forbes,Blake Baxter,Chiquita Ortiz,10-01-67,08-08-94,12-04-90
Joy Lamb,Barclay Bruce,Rae Castro,05-08-85,01-29-92,08-16-85
Dora Nieves,Erich Joseph,Amena Thornton,04-29-73,08-25-02,05-17-00
Imelda Baldwin,Macaulay Sullivan,Sasha Matthews,05-07-46,10-29-00,01-08-93
Pandora Thornton,Ethan Chambers,Lunea Mathis,01-28-73,05-09-89,04-22-00
Felicia Walsh,Nero Pope,Lila Baldwin,09-11-51,03-29-91,04-08-93
Kirsten Carver,Warren Bowman,Regan Galloway,03-24-76,02-14-89,03-20-84
Leslie Travis,Burke William,Nicole Castaneda,10-31-56,12-20-87,09-15-88
Haley Spence,Upton Stevens,Ursula Humphrey,09-26-53,11-22-85,03-30-94
Kalia Barnes,Finn Chapman,Jena Whitney,11-21-52,04-28-94,05-13-91
Lee Porter,Grady Rutledge,Rebekah Anderson,12-14-51,10-06-03,07-14-85
Brittany Spears,William Kent,Kai Russo,09-28-80,09-10-01,07-23-98
Mary Larsen,Dylan Bowers,Madonna Farrell,12-21-57,07-01-04,02-24-93
Brianna Fry,Bert Farley,Christen Duncan,06-25-70,12-18-01,12-20-92
Deanna Small,Nolan Mitchell,Ciara Sims,09-17-43,01-28-85,09-12-02
April Jimenez,Byron Rutledge,Fatima Hunter,09-06-54,09-20-86,04-06-98
Zelenia Roach,Leonard Garza,Maia Lynn,05-17-50,08-16-88,11-21-89
Rhona Wiggins,Steel Cox,Lacey Martin,08-03-77,12-24-97,10-31-87
Juliet Blair,Lawrence Wade,Jade Boone,01-27-63,05-30-01,05-01-88
Wynne Greene,Lane Shepherd,Courtney Mathis,05-20-64,04-07-89,01-27-00
Quynn Mosley,Andrew Nash,Rhona Trujillo,06-24-44,05-26-92,08-09-86
Isadora Daniels,Channing Fox,Lesley Franklin,03-02-65,12-15-95,11-29-01
Helen Hancock,Ivan Roberts,Emily Rollins,08-25-46,09-16-82,05-26-89
Vera Maddox,Quentin Hopper,Lisandra Mcmahon,05-04-75,02-06-95,05-25-85
Kaden Turner,Harlan Kline,Carol Lucas,10-17-44,12-28-01,07-10-98
Ila Collins,Preston Jackson,Whitney Mack,08-29-56,07-13-84,10-13-96
Althea Nolan,Francis Sutton,Candice Conrad,04-10-89,10-16-02,03-29-86
Kiara Bradford,Edan Tate,Sage Richardson,10-21-82,04-28-99,09-13-88
Selma Madden,Bruno Marsh,Gretchen Lawson,06-09-54,09-06-81,12-26-84
Sage Randolph,Ezra Roberson,Ciara Cochran,05-17-73,11-03-01,11-14-00
Echo Mendez,Curran Bray,Xandra Pearson,07-18-52,06-04-85,09-09-89
Faith Fox,Hu Buckley,Jolene Gentry,03-19-58,08-01-00,08-19-90
Halee Nielsen,Merrill Beck,Mira Horton,02-25-55,05-11-91,04-08-96
Velma Steele,Colin Bird,Jessica Prince,05-06-52,12-26-89,12-22-98
Nicole Reese,Odysseus Terrell,Adara Silva,09-02-45,05-17-89,08-01-92
Natalie Osborne,Magee Ware,Tallulah Hickman,06-20-82,02-04-01,10-15-83
Cheryl Norris,Evan Randolph,Sharon Barlow,11-11-65,02-09-97,01-26-02
Cara Mendez,Kirk Middleton,September Hutchinson,04-11-79,07-27-80,08-14-96
Simone George,Chaim Levy,Hadley Montgomery,10-08-84,06-17-89,11-20-87
Hayfa Fletcher,Anthony Rivas,Vielka Nelson,05-26-71,01-29-00,01-14-96
Amaya Downs,Acton Atkinson,Indira Mercado,12-04-73,07-31-01,11-26-00
Uma Harrison,Patrick Key,Farrah Mckay,05-24-83,01-28-02,06-11-94
Risa Rasmussen,Jelani Berger,Britanni Clayton,05-15-82,03-26-02,01-16-97
Lesley Schneider,Anthony Whitfield,Yael Hogan,10-17-72,07-07-93,09-17-96
Meredith Fisher,Scott Rice,Cassidy Valdez,01-11-58,05-08-81,12-21-84
Abigail Cox,Austin Holman,Chloe Potter,01-07-56,12-15-83,01-27-86
Sandra Harrington,Yasir Dixon,Britanney Pope,04-14-90,02-01-02,10-21-01
Phoebe Jarvis,Wayne Wall,Fay Lindsay,04-30-47,03-11-05,11-27-92
Xandra Lane,Adrian Guerra,Kirsten Yang,04-09-61,01-23-84,06-11-93
Veronica Moran,Oleg Johns,Avye Rosario,12-15-61,01-03-89,04-14-89
Jorden Combs,Garrett Guerrero,Ainsley Middleton,10-12-76,02-06-96,12-26-99
Carol Briggs,Francis Hatfield,Josephine Navarro,08-12-72,04-29-04,07-29-01
Vielka Solomon,Travis Schmidt,Zorita Ross,07-15-57,06-29-80,06-28-84
Cameron Clemons,Axel Trevino,Dai Joseph,12-21-79,05-14-81,11-08-90
Whoopi Waller,Demetrius Kaufman,Brenda Dodson,01-30-66,02-19-97,05-01-98
Alma Nixon,Tanek Snow,Guinevere Mercer,10-18-63,12-03-96,11-14-01
Quinn Newman,Moses Schmidt,Vanna Lamb,01-02-83,03-30-88,08-17-97
Karyn Russo,Stephen Blackwell,Althea Hodges,03-27-51,03-13-99,01-05-92
Ann Dickerson,Phillip Beck,Imani Joseph,07-24-78,08-08-84,02-07-85
Brynn Robbins,Lawrence Terrell,Ella Buckner,02-22-78,06-16-98,02-24-88
Nicole Mayo,Vernon Reeves,Denise Vance,07-30-88,07-13-99,01-31-93
Lana Dawson,Jackson Hyde,Ainsley Burns,11-15-87,12-01-91,07-07-91
Maxine Pierce,Warren Ashley,September Acosta,04-14-48,05-26-87,12-08-83
Marah Adkins,Erasmus Mason,Linda Stephens,11-17-60,03-23-99,05-12-85
Regan Whitaker,Hasad Fuentes,Karleigh Barr,11-15-68,11-22-97,12-15-00
Cally Cleveland,Kenneth Ewing,Faith Contreras,07-06-75,08-28-02,09-19-91
Alana Waters,Samuel Sharpe,Mia Greene,04-16-75,10-20-83,04-10-99
Katell Lynn,Ezekiel Howard,Pascale Hill,06-02-70,04-25-98,11-09-97
Amelia Mullen,Emmanuel Mcgowan,Megan Berger,01-24-57,05-19-95,07-25-88
Irma Hendricks,Tyrone Knight,Sopoline Ferguson,04-20-54,08-28-81,01-07-89
Gillian Navarro,Drake Neal,Cassady Lewis,05-06-64,03-06-83,12-04-90
Breanna Gilbert,Lewis Conley,Oprah James,01-03-70,04-06-02,09-07-95
Maia Graves,Brock Duncan,Roary Bean,11-06-83,11-05-88,03-08-96
Willow Tucker,Gannon Dejesus,Simone Harvey,12-13-73,02-28-98,08-21-01
Dana Mayo,Nathaniel Frost,Charissa May,10-03-82,12-17-86,02-18-92
Scarlet Mayo,Graham Mcfarland,Blossom Bradshaw,03-07-76,02-02-95,02-26-97
Zia Mueller,Ezra Peters,Hedwig Cain,08-24-47,02-05-98,07-11-90
Rebecca Ferrell,Beck Dejesus,Shay Nash,06-21-61,07-13-86,09-13-86
Lesley Hampton,Ezekiel Battle,Ivy Lott,12-17-51,05-19-84,08-08-84
Hadley Sweeney,Nehru Lowe,Leah Conrad,04-21-75,12-19-96,12-23-83
Maggie Christensen,Tad Hammond,Tatum Fields,10-12-68,07-15-89,08-28-83
Anne Knapp,Hayes Craig,Brielle Sosa,08-26-48,09-30-02,09-17-92
Amela Cross,Keith Kennedy,Candice Gaines,07-22-58,07-12-80,02-04-84
Ina Whitney,Forrest Medina,Emily Bryant,08-31-61,05-22-02,01-14-01
Maxine Justice,Melvin Yates,Orla Hatfield,12-19-78,08-23-93,05-07-94
Xantha Rosario,Caesar Newton,Clio Colon,06-24-49,11-01-99,10-15-00
Angela Rose,Wyatt Benson,Breanna Tucker,05-15-68,05-23-91,12-29-98
Tatum Beach,Brody Harper,Vivian Hobbs,09-29-79,12-10-91,10-14-93
Denise Dale,Gray Burgess,Martina Morse,09-10-76,09-25-93,06-29-01
Yeo Maxwell,Adam Black,Shellie Jacobson,06-24-51,09-22-93,06-09-01
Samantha Donaldson,Ezekiel Hendrix,Ariana Tucker,04-24-56,12-18-02,07-25-94
Aspen Shelton,Orlando Huffman,Kaitlin Rosa,10-09-75,06-30-98,08-16-93
Miriam Lott,Armand David,Sopoline Pennington,07-11-82,03-22-98,02-25-91
Lacota Holder,Kibo Valencia,Sage Alvarez,07-22-75,07-27-80,05-10-85
Amaya Morgan,Linus Sanford,Macy Guerrero,11-06-62,02-12-94,11-29-86
Jorden Haley,Quinn Burt,Gemma Jones,09-20-64,02-04-96,01-13-03
Kirsten James,Kenneth Morse,Priscilla Mccray,02-07-58,08-07-92,08-19-93
Urielle Barnes,Chancellor Hyde,Alyssa Hutchinson,12-12-60,05-11-01,09-22-01
Ariana Lawrence,Sawyer Baxter,Kaitlin Coleman,10-21-45,03-23-01,12-28-85
Gloria Velasquez,Yasir Lawson,Medge Gillespie,07-13-86,02-19-88,03-15-95
Jael Stokes,Ferris Hudson,Quintessa Odom,10-27-80,11-15-82,11-23-99
Cailin Kennedy,Ryan Swanson,Jade Burgess,05-24-46,02-01-00,04-30-96
Ingrid Abbott,Damian Monroe,Phoebe Delgado,09-05-69,04-07-99,10-21-95
Allegra Melton,Aaron Leon,Germane Bush,03-07-75,09-18-89,12-21-84
Delilah Rivers,Fritz Bonner,Madison Park,07-27-58,04-16-97,02-19-86
Nichole Drake,Daniel Jacobs,Rose Montgomery,12-21-46,01-08-84,11-06-00
Kalia Briggs,Tiger Hood,Amy Richardson,12-05-65,07-06-80,05-27-90
Quyn Sampson,Alden Fox,Lenore Mclaughlin,04-02-57,07-24-85,08-16-91
Brynn Crane,Randall Mendez,Lois Maddox,03-01-78,04-14-94,03-18-02
Cailin Bush,Gabriel Durham,Anne Foster,12-03-87,08-28-88,05-14-95
Laurel Gallagher,Orson Petty,Amy Keith,07-29-78,07-01-00,10-05-95
Hyacinth Shepard,Eric Farley,Felicia Barnes,03-20-61,07-17-89,04-08-93
Donna Bryant,Paul Nelson,Violet Dorsey,12-02-87,07-11-89,05-17-95
Tanya Guerrero,Jason Jones,Wanda Boyer,01-25-82,05-14-94,06-25-02
Nomlanga Terry,Baxter Mcfadden,Ruth Douglas,05-15-67,10-06-88,04-27-88
Sigourney Campbell,Fulton Wilkerson,Kimberly Bishop,03-01-45,05-13-92,07-14-00
Maya Green,Peter Reeves,Danielle Mayer,12-19-89,05-01-81,08-11-84
Autumn Olsen,Jameson Downs,Imogene Walter,10-29-76,08-07-93,11-22-92
Ayanna Potter,Anthony Kidd,Inez Goodman,06-22-46,09-28-97,03-31-90
Skyler Mccarty,Hashim Ballard,Halee Conrad,02-23-49,09-02-94,08-08-98
Erin Marquez,Merrill Dominguez,Patience Mcfadden,11-22-46,07-19-86,06-08-89
Nell Beck,Flynn Dyer,Wynne Griffin,03-13-82,05-25-87,02-17-00
Brynne Calderon,Charles Logan,Dacey Browning,08-06-47,12-09-03,12-31-99
Haviva Gould,Xander Underwood,Desirae Stafford,05-01-56,03-13-00,06-08-88
Elizabeth Morales,Axel Curry,Jennifer Lopez,08-18-62,12-03-86,09-16-86
Octavia Greer,Joshua Potts,Breanna Nolan,11-18-59,08-06-82,12-20-87
Vivian Ellison,Leo Bishop,Lana Talley,07-07-60,12-31-98,03-23-01
Wendy Wyatt,Jerome Holmes,Tatyana Burks,07-11-81,11-24-93,10-12-93
Olivia May,Burton Ball,Indira Riley,06-24-72,06-12-03,06-04-98
Rosalyn Johnston,Jacob Kirk,Basia Craft,09-26-80,05-13-82,07-11-98
Ruth Morales,Ali Dodson,Macey Kelly,02-04-87,05-24-02,07-19-95
Stacy Hale,Alec Foley,Adele Christian,04-05-63,11-30-80,11-22-90
Isabelle Herman,Drake Trevino,Angelica Lawson,06-27-63,12-20-97,02-04-93
Maite Perkins,Jin Grimes,Cally Lott,06-02-83,12-20-99,07-01-01
Destiny Cruz,Colt Cortez,Astra Snow,07-05-81,08-04-94,11-07-89
Amaya Bridges,Bradley Mcclain,Jorden Glenn,03-08-61,04-11-99,02-10-93
Ria Santos,Alexander Mcintyre,Regan Holden,09-22-59,10-13-93,02-19-87
Sloane Mosley,Hammett George,Farrah Combs,07-16-89,08-25-92,09-01-87
Michelle Mayer,Cooper Potts,Constance Jenkins,01-11-73,06-23-84,05-16-87
Jillian Randall,Blaze Haley,Bo Rodriguez,02-16-90,03-01-91,05-02-88
Hilary Cox,Todd Jenkins,Jamalia Shepherd,08-18-44,02-14-87,10-08-97
Lacota Farmer,Tiger Payne,Madison Hancock,05-07-46,09-16-98,11-20-87
Patience Leblanc,Allistair Finch,Ursa Pennington,03-04-66,05-26-82,05-30-94
Belle Terrell,Lyle Lindsey,Laurel Fulton,04-09-83,11-06-92,05-07-94
Colleen Boyle,Dale Skinner,Astra Petty,02-21-80,12-20-99,07-25-84
Hedy Terrell,Brendan Mccormick,Anika Burgess,10-28-73,09-23-88,05-19-00
Nora Fitzpatrick,Kamal Madden,Beatrice Spence,12-19-50,04-01-93,04-20-97
Aimee Roth,Timothy Ellis,Karina Matthews,08-07-83,02-10-97,09-25-95
Evangeline Bell,Hiram Atkins,Anastasia Garner,08-19-64,10-11-80,06-20-93
Rosalyn Chandler,Abbot Good,Sydnee Moreno,05-30-49,10-29-93,01-09-96
Stacy Mckay,Randall Wilcox,Imelda Middleton,07-16-69,04-25-84,03-05-85
Delilah Weaver,Ronan Travis,Mercedes Oconnor,02-02-63,07-25-01,09-19-01
Idola Melendez,Tanek Ferrell,Jaime Parker,11-24-89,01-13-01,11-18-96
Cheryl Baird,Erasmus Lang,Kaitlin Fox,01-22-76,08-31-04,03-09-97
Athena Alford,Marshall Little,Deanna Daniel,12-08-58,11-28-94,12-18-88
Casey Padilla,Zephania Mathis,Olga Vaughan,05-29-48,03-28-01,11-07-90
Georgia Whitney,Jonas Murphy,Aileen Hamilton,12-15-86,05-03-01,10-16-98
Emi Chapman,Rashad Sears,Gillian Olson,09-28-62,01-30-81,08-28-89
Fredericka Russo,Keaton Blair,Beverly Beach,03-25-73,02-18-85,04-03-00
Inga Cobb,Lewis Fulton,Anjolie Cooley,12-29-60,02-17-89,05-03-89
Irene Bonner,Maxwell Albert,Barbara Russell,08-17-66,12-28-02,06-16-91
Ursula Levy,Vaughan Salas,Yoshi Hooper,04-29-52,11-15-84,10-23-93
Yen Rose,Maxwell Keller,Karen Christensen,12-12-82,10-22-02,06-06-89
Leah Simmons,Austin Maddox,Aiko Cook,09-12-62,11-05-81,05-29-87
Flavia Mcguire,Marvin Campos,Yetta Barnett,08-04-63,10-03-03,05-08-84
Indigo Sargent,Otto Gonzalez,Zenaida Bentley,01-10-76,10-13-89,06-12-89
Erin Henderson,Hakeem Kidd,Sarah Acevedo,07-25-46,06-11-92,08-20-85
Kimberly George,Ulysses Stone,Idola Gonzalez,12-30-80,11-15-01,02-15-88
Halee Tyson,Rahim Harrison,Leilani Mayer,11-05-58,07-21-03,09-02-89
Olivia Rodriquez,Colby Ramos,Aspen Chandler,05-31-50,03-14-90,08-23-96
Yvonne Lara,Andrew Ross,Aubrey Meyer,12-18-64,08-16-02,11-29-91
Rhoda Sanchez,Orlando Blankenship,Nyssa Smith,03-12-53,07-23-94,05-01-90
Aimee Griffin,Denton Klein,Audrey Flynn,09-24-45,12-31-04,01-06-01
Molly Gonzalez,Fuller Dillard,Sylvia Cote,09-04-55,04-22-98,11-27-90
Shana Kaufman,Thane Key,Xantha Jenkins,03-03-82,06-02-92,05-30-98
Inez Patton,Neil Holden,Orli Neal,02-18-55,05-31-93,08-27-96
Aline Hutchinson,Gary Michael,Nell Herring,09-01-76,01-31-93,06-28-88
Camille Sutton,Vladimir Robertson,Portia Kerr,10-22-85,02-09-00,09-18-88
Nadine Ballard,Ronan Gordon,Chantale Mitchell,05-10-81,08-02-91,03-20-00
Nomlanga Patton,Lamar Ward,Xaviera Ward,01-31-49,02-03-82,07-08-85
Lucy Flynn,Brady Potts,Odette Day,02-10-51,02-13-01,12-07-98
Karina Underwood,Ian Robertson,Clio Cortez,03-18-57,01-02-89,05-18-91
Camilla Robbins,Benedict Sutton,Hayfa Rice,04-08-86,06-16-81,08-20-89
Simone Gilliam,Blaze Harrington,Leslie Poole,11-06-47,06-08-02,10-13-92
Mechelle Strickland,Tyler Walter,Jaden Vaughn,09-18-76,05-01-87,09-05-98
Jasmine Sweeney,Yuli Norton,Jeanette Huber,11-14-68,04-15-89,04-23-90
Xaviera Day,Ivor Hood,Octavia Trevino,12-24-57,01-28-81,03-21-96
Harriet Bruce,Simon Bolton,Cora Hill,12-18-55,09-07-81,05-11-86
Kaye Miller,Aidan Hebert,Patricia Shields,10-29-66,06-22-99,06-30-93
Samantha Hopkins,Jamal Wheeler,Aretha Pace,04-08-71,10-21-94,04-17-87
Karina Ochoa,Marvin Stout,Lenore Simmons,01-30-90,08-11-01,02-11-90
Ramona Hurst,Cedric Torres,Erin Francis,09-16-46,08-09-00,05-09-89
Martena Leon,Rooney Roberts,Alexis Petersen,10-13-63,02-14-00,11-12-86
Lisandra Yang,Emery Vasquez,Ella William,04-27-55,04-09-84,12-24-92
Macey Johns,Troy Schroeder,Aline Buck,12-17-63,09-24-82,02-05-92
Venus Roberson,Patrick Wooten,Lesley Stevenson,11-17-61,10-06-95,12-02-88
Karly Hardin,Carson Franks,Emma Suarez,03-05-65,08-15-94,05-17-99
Aimee Mills,Lance Arnold,Shaine Taylor,12-13-52,09-20-96,04-23-86
Pascale Jordan,Dante Johnson,Kaden Medina,12-06-50,07-23-97,07-28-84
Kiara Walker,Benjamin Miles,Laura Holder,11-19-54,10-15-83,06-08-87
Rae Mitchell,Daniel Vasquez,Tatyana Lowe,04-07-71,01-24-90,07-07-90
Holly Carpenter,Chadwick Vasquez,Maia Spears,11-06-63,05-25-94,01-04-86
Lila Snyder,Hashim Booth,Velma Humphrey,06-24-71,05-26-04,05-30-99
Rae Reeves,Xavier Dunlap,Quail Hickman,01-18-70,03-03-88,01-28-88
Sade Caldwell,Clark Valentine,Madison Cannon,02-08-47,05-04-90,07-18-83
Isadora Patel,Buckminster Chavez,Jolene Anderson,10-11-68,05-02-86,02-07-95
Daria Hickman,Harding Eaton,Jessica Keller,05-15-48,08-22-02,01-04-88
Chava Bruce,Galvin Sutton,Lee Richards,11-09-52,09-30-85,01-01-95
Barbara Petty,Xander Dillon,Regan English,04-09-74,08-27-81,02-08-98
Melinda Kirby,Seth Mckinney,Abigail Mcguire,09-26-48,01-04-87,03-01-91
Desiree Hammond,Arden Trujillo,Tatum Oneal,01-30-45,05-27-85,04-08-99
Cally Bernard,Dante House,Basia Spencer,02-24-70,01-20-87,06-02-91
Xena Hahn,Steven Carter,Britanni Calhoun,08-20-70,06-17-90,06-03-85
Melissa Bean,Micah Fitzgerald,Kimberley Mercer,06-27-68,08-06-97,01-24-90
Amelia Whitehead,Dean Snider,Jescie Hess,03-29-47,06-17-92,11-27-98
Kirby Rice,Emmanuel Holt,Sasha Richards,02-08-79,05-09-97,08-17-02
Carly Watts,Graiden Fulton,Nelle Hoover,01-18-84,08-15-81,10-16-99
Mona Fitzpatrick,Marshall Henderson,Hadassah Lyons,09-25-88,05-22-94,04-25-99
Rebekah Rutledge,Connor Webster,Florence Allison,09-04-74,07-01-93,02-14-92
Ashely Whitney,Garrett Santana,Lee Hickman,04-05-72,12-08-02,05-23-00
Sasha Mullen,Robert Santiago,Piper Elliott,07-11-61,08-23-92,05-01-99
MacKensie Massey,Roth Meyer,Imogene Mcmahon,07-24-71,07-29-01,12-03-94
Illana Cooper,Todd Sweet,Daria Snow,10-27-72,11-08-00,02-21-97
Aphrodite Cruz,Joseph Rodriguez,Montana Jarvis,04-18-81,06-23-97,07-30-97
Daria Jimenez,Hiram Kelley,Libby Chavez,11-16-60,02-18-05,02-01-94
Katelyn Dejesus,Reece Holloway,Sybil Compton,11-10-64,03-18-94,11-20-90
Penelope Warren,Tate Ball,Karina Randolph,05-26-85,04-15-89,12-15-85
Ainsley Stewart,Blake Greene,Abigail Burgess,02-10-50,06-14-83,07-04-96
Rowan Franklin,Brenden Ballard,Sacha Weiss,10-31-77,12-22-88,10-02-00
Lael Lindsay,Branden Heath,Amena Wilkerson,12-20-49,09-03-95,07-25-01
Patricia Long,Hamish Gamble,Rhea Ross,08-15-44,11-28-81,08-18-97
Quynn Burton,Wing Burnett,Sybill Woods,05-24-89,03-06-94,07-17-87
Jasmine Bradshaw,Marsden Hebert,Ruby Barker,03-31-64,07-09-84,10-19-92
Mikayla Kim,Walker Benjamin,Paula Middleton,06-15-89,09-16-93,09-29-91
Emi Armstrong,Zephania Simmons,Sonya Webster,06-01-59,02-01-90,05-10-90
Kirestin Woods,Ishmael Wheeler,Francesca Powers,07-31-75,08-12-92,01-29-02
Whoopi Livingston,Callum Levy,Kameko Summers,10-28-58,11-20-90,06-02-02
Cassady Fuller,Sawyer Davis,Keely Conway,05-14-86,04-14-93,11-15-99
Jocelyn Golden,Amir Howe,Colette Contreras,07-16-50,01-07-87,02-09-02
Risa Beard,Jakeem Saunders,Quail Harris,10-08-64,07-08-96,10-08-90
Zelenia Bright,Christian Carney,Eden Graham,10-12-74,06-14-98,03-17-01
Iona Powell,Addison Lott,Belle Francis,10-15-76,08-06-95,03-20-03
Rachel Austin,Judah Richmond,Patience Carroll,05-24-68,09-12-89,09-28-95
Sonya Cline,Julian Simpson,Jayme Gamble,06-30-58,08-17-87,04-26-84
Yen Bryant,Garth Valenzuela,Sylvia Bentley,08-19-73,06-07-93,02-10-03
Jasmine Mcguire,Dane Velazquez,Haviva Barrera,08-25-73,04-05-89,05-21-98
Quail Maldonado,Noah Salas,Camilla Velazquez,05-01-48,05-07-99,05-18-00
Yoshi Nash,Ethan Sweet,Genevieve Bradley,07-05-61,06-16-96,01-21-97
Yolanda Chambers,Nathan Dixon,Lisandra Key,06-18-66,04-19-93,12-08-98
Halee Flynn,Fritz Ward,Serena Benton,04-02-77,06-10-03,12-01-84
Yvonne Boyer,Beau Little,Zorita Melton,08-10-77,05-31-95,04-11-95
Angelica Knowles,Harlan Nelson,Nichole Mcdonald,09-06-48,11-23-82,03-07-03
Rebecca Randolph,Luke Hunt,Teegan Fischer,09-14-65,04-08-92,11-18-97
Vera Mcmahon,Abel Bridges,Hadley Eaton,06-17-56,06-18-88,01-06-02
Joelle Horn,Benedict Fitzpatrick,Kathleen Singleton,01-25-55,02-22-82,06-19-85
Shay Robbins,Rogan Burks,Cora Green,07-13-82,01-12-03,12-26-92
Stacey Evans,Branden Serrano,Erin Bender,08-02-43,12-18-02,01-29-02
Libby Reese,Malcolm Burns,Zelda Bradford,08-07-88,10-02-80,09-20-97
Candice Huber,Gareth Smith,Hayfa Burnett,12-13-49,08-20-88,12-27-86
Lacey Travis,Zeus Booker,Scarlett Robertson,02-12-79,06-12-94,08-14-99
Idona Oneill,Ryder Dawson,Cameran Riddle,01-12-68,01-13-89,03-12-85
Nicole Zimmerman,Castor Charles,Kimberley Cash,04-23-83,10-17-84,11-27-83
Cheryl Owens,Wang Mills,Kristen Solomon,09-03-89,03-06-89,12-09-01
Leilani Martinez,Oliver Burt,Zia Fuentes,09-08-75,05-13-99,07-09-87
Zelenia Pruitt,Kibo Sargent,Alana Gray,10-20-56,06-24-83,07-21-83
Adara Hartman,Caldwell Miles,Fredericka Thomas,12-29-73,01-22-88,07-20-93
Kitra Bentley,Hamilton Collins,Petra Key,04-17-60,10-07-86,06-07-00
Rose Finley,Garrett Weiss,Hadassah Vaughn,05-05-75,06-09-98,10-07-00
Rama Love,Leroy Newman,Stephanie Kirby,10-19-45,01-04-95,12-27-85
Olympia Cherry,Harding Nielsen,Belle Hogan,04-24-84,07-10-02,06-26-01
Sacha Andrews,Hayes Downs,Shafira Bridges,02-23-81,08-14-01,07-16-94
Clare Abbott,Jonas Hudson,Dara Cobb,03-28-60,02-07-84,12-14-85
Georgia Curtis,Camden Macias,Justine Rios,01-19-58,04-19-93,08-07-97
Nina Simpson,Gregory Knapp,Summer Bailey,04-13-55,10-31-02,08-16-89
Keiko Monroe,Porter Byrd,Pamela Guthrie,04-24-60,05-07-81,02-22-92
Uta Stout,Walter Bird,Ramona Stone,07-18-61,08-03-84,11-05-88
Jane Kelley,Myles Tucker,Ursula Barr,07-22-78,07-23-90,02-06-91
Yolanda Solomon,Jackson Luna,Kaye Holcomb,04-18-50,10-21-01,09-23-99
Alma Bryant,Cullen Russell,Colleen Greer,03-03-65,07-28-87,06-14-85
Hadassah Patrick,Erasmus Hendricks,Lael Fitzpatrick,07-05-56,04-19-85,02-21-89
Christine Sweet,Rafael Gould,Naida Hebert,08-29-74,05-07-02,10-24-98
Xantha Lambert,Deacon Clay,Keelie Hines,05-18-89,01-01-87,11-25-85
Sharon English,Orson Shepard,Keely Cantrell,09-27-86,06-15-83,12-02-90
Tatyana Dodson,Daniel Bullock,Hanna Byers,01-08-87,05-20-99,07-17-96
Lydia Campbell,Hamilton Cole,Maxine Sosa,07-21-56,10-19-96,06-19-97
Cecilia Cummings,Castor Henderson,Nita Hunt,03-02-56,06-14-94,09-29-91
Audra Klein,Chester Barker,Isabella French,06-24-62,04-04-85,12-24-00
Genevieve Morin,Sebastian Long,Roanna Camacho,07-19-90,03-18-05,02-15-95
Katell Stafford,Grady Ferguson,Selma Valdez,11-26-82,10-30-81,08-28-02
Kevyn Elliott,Samson Sellers,Kiayada Strong,08-20-64,04-10-95,01-02-00
Ginger Booker,Stone Daugherty,Lois Heath,02-01-85,05-29-87,05-01-01
Yeo Bailey,Tad Beasley,Amena Hewitt,12-23-63,06-20-03,01-11-88
Emerald Bray,Maxwell Welch,Nomlanga Carlson,07-23-76,02-06-92,02-05-98
Kylee Griffin,Levi Weeks,Gwendolyn Good,03-03-73,12-08-88,11-04-99
Alea Hickman,Gary Shepherd,Nevada Hammond,03-13-50,03-27-84,04-24-02
Hadassah Oliver,Theodore Farley,Paula Allison,06-27-43,08-29-04,09-12-99
Zephr English,Aquila Sloan,Whoopi Bolton,07-01-83,10-18-86,05-23-94
Aretha Riggs,Kieran Quinn,Pascale Mclean,08-30-69,01-16-81,09-04-99
Hilda Blackwell,Wylie Daniel,Christen Giles,01-26-75,02-20-94,08-25-89
Astra Callahan,Xanthus Sparks,Eleanor Ashley,01-06-63,01-05-89,05-24-99
Sigourney Rhodes,Flynn Walker,Patience House,01-01-45,02-26-98,05-07-91
May Vaughan,Francis Ortega,Demetria Reilly,02-13-45,12-10-00,01-03-95
Blythe Maxwell,Duncan Nunez,Kylie Mullen,01-25-55,04-29-85,12-11-89
MacKensie Shaw,Chancellor Swanson,Hadassah Pope,01-23-57,02-02-87,02-15-00
Cheyenne Banks,Deacon Gillespie,Cheryl Combs,12-22-72,10-27-92,03-02-91
Neve Alexander,Geoffrey Heath,Adele Simpson,05-10-91,03-01-93,11-28-02
Sara Frank,Christian Norton,Charissa Blackwell,12-11-51,11-27-88,06-04-92
Eugenia Snow,Benjamin Savage,Rhona Bullock,10-26-86,04-04-01,08-07-02
Carly Short,Xander Lopez,Desiree Jenkins,04-17-46,05-21-03,06-29-90
Dana Wells,Ferdinand Love,Isadora Erickson,09-20-56,10-08-84,10-18-84
Alea Mcpherson,Kermit Alexander,Alma Michael,03-16-50,12-06-97,12-08-87
Renee Buck,Hilel Bird,Erin Livingston,02-16-52,03-08-94,04-15-99
Fiona Wooten,Jerry Allen,Ulla Gillespie,06-18-58,12-27-90,12-30-01
Nayda Butler,Lee Whitley,Aphrodite Powers,02-27-83,11-13-00,10-30-86
Shafira Delaney,Noble Sandoval,Xerxes Wilder,02-07-74,07-19-80,11-03-83
Hayley Hanson,Jerry Brock,Fiona Wade,02-17-75,12-05-96,09-16-96
Signe Prince,Cameron Parrish,Bianca Glenn,11-11-61,05-31-83,09-15-93
Lani Vega,Elvis Dennis,Ignacia Long,09-06-44,01-20-04,02-04-95
Portia Norman,Marshall Mullen,Hedda Chang,11-15-53,08-31-98,10-25-92
Alana Vang,Joseph Howard,Portia Hicks,07-12-88,02-01-99,09-04-90
Remedios Schwartz,Herman Langley,Melodie Barrett,08-24-54,05-29-89,12-24-95
Tashya Mclaughlin,Preston Arnold,Robin Chapman,08-15-70,03-28-84,12-18-95
Lana Knox,Quamar Baxter,Melissa Petty,07-20-72,04-12-04,08-27-88
Ivy Mooney,Troy Rosa,Brooke Weaver,04-13-71,03-21-01,08-27-83
Mollie Smith,Wallace Kent,Katelyn Gonzales,09-23-46,01-07-96,05-05-92
Hyacinth Moore,Barclay Mueller,Shaine Kramer,10-31-73,11-15-91,05-18-95
Erica Mcneil,Nathaniel Carroll,Jocelyn Foster,04-08-79,08-06-86,08-28-86
Mollie Shannon,Geoffrey Gray,Pamela Rivas,07-08-79,10-08-03,06-02-99
Eugenia Fitzgerald,Timon Espinoza,Jescie Pierce,03-16-67,10-19-94,07-18-96
Martena Bender,Harrison Mcmillan,Scarlet Levy,11-29-88,06-16-87,10-05-02
Bertha Mckee,Ferris Reed,Xerxes Blanchard,06-29-81,07-04-94,09-05-01
Octavia Sandoval,Maxwell Allison,Jennifer Blevins,06-15-81,08-07-04,12-01-96
Quail Bowers,Nasim Ferguson,Hadassah George,12-20-86,10-10-82,10-13-01
Jane Patterson,Rooney Hensley,Stella Oneill,03-21-44,06-06-91,10-03-86
Xandra Joyner,Emmanuel Irwin,Jada May,12-17-90,01-15-86,06-17-86
Irene Travis,Porter Nunez,Imani Padilla,07-21-79,07-19-89,04-15-88
Bianca Alvarez,Raja Dawson,Zenaida Frederick,06-28-51,08-16-85,04-21-03
Pamela Wiley,Slade Shaw,Yolanda Larsen,01-14-51,08-26-94,03-23-86
Isabella Brennan,Harper Kline,Charde Jacobs,10-28-53,05-22-88,01-09-00
Stephanie Herman,Keith Michael,Risa Bradshaw,06-12-83,08-04-94,03-02-96
Minerva Mcgowan,Raymond Barr,Gloria Waller,09-06-53,11-28-96,08-16-02
Isabelle Cervantes,Jesse Henderson,Sigourney Yates,07-22-77,01-09-95,09-11-89
Imogene Wilkins,Rashad Macias,Amaya Avila,09-09-50,03-09-98,09-23-91
Sophia Serrano,Marvin Castaneda,Eden Bond,04-21-72,01-24-89,04-21-89
Teagan Boyle,Macaulay Pugh,Hanna Miller,08-01-66,08-17-96,07-07-93
Callie Acosta,Kasimir Petersen,Megan Wolfe,09-30-58,10-12-86,07-21-92
Azalia Brown,Rafael Ross,Kirsten Chase,09-16-77,12-05-97,08-07-01
Ann Booth,Malcolm Stanley,Lee Case,05-22-81,10-28-98,03-14-98
Violet Walker,Jason Dominguez,Pearl Mayo,02-09-81,05-31-01,11-27-84
Hilda Lee,Elijah Key,Sasha Peters,01-01-52,08-05-86,01-19-96
Whilemina Rodriguez,Amery Hernandez,Lareina Russo,03-15-45,06-05-03,07-07-99
Adele Stephens,Fletcher Dotson,Catherine Cummings,11-20-44,11-17-98,08-27-00
Lareina Pennington,Stephen Walker,Selma Neal,08-12-80,12-16-90,09-30-90
Ebony Parks,Harrison Savage,Irma Anthony,08-27-76,10-26-89,10-10-84
Nadine Mendoza,Zachery Blake,MacKenzie Wilson,09-29-80,12-08-92,08-22-83
Xantha Carlson,Damon Raymond,Rhiannon Garcia,02-21-46,12-23-00,03-30-96
Illiana Gonzalez,Felix Dejesus,Claire Brewer,10-06-82,07-19-83,02-10-93
Chantale Frazier,Knox Zimmerman,Lacota Duffy,07-31-71,06-27-88,10-08-88
Tatiana Olson,Damian Hopkins,Sage Colon,03-16-64,04-01-92,08-24-99
Hayley Kemp,Colt Figueroa,Jessica Roman,06-12-56,03-11-01,03-22-84
Jana Bray,Brendan Mayo,Sonya Perez,03-31-47,09-27-90,07-29-84
Guinevere Fuentes,Adrian Graves,Sacha Santos,07-09-47,04-29-04,10-22-97
Maile Donaldson,Tiger Hood,Lavinia Hansen,08-17-56,05-03-94,08-29-84
Kameko Frazier,Carson Branch,Cathleen Gould,04-18-58,02-08-88,03-21-02
Ingrid Dunlap,Kamal Little,Carla Mullen,11-17-83,12-08-02,03-10-84
Felicia Dale,Blake Maldonado,Tatyana Dotson,10-19-47,05-23-93,01-20-00
Ruth Snyder,Caldwell Nieves,Angelica Houston,05-10-53,11-23-86,07-26-92
Tara Wooten,Neville Frye,Candace Roberson,04-02-71,06-19-04,11-24-95
Adara Hutchinson,Mannix Larson,Hilary Noble,10-24-56,12-15-86,12-28-01
Meghan Leonard,Dane Mann,Brynne Gross,01-27-89,07-19-92,07-12-99
Evelyn Calderon,James Strong,Melanie Holland,01-12-71,08-06-80,10-31-83
Rina Cooke,Nash Buck,Shelly Odonnell,11-01-83,04-01-03,12-31-89
Camilla Berger,Hedley Dodson,Aimee Kelly,07-03-51,10-31-80,08-01-84
Kelsie Skinner,Melvin Bowman,Hannah Robinson,08-09-62,05-20-90,10-25-91
Heather Vincent,Mufutau Hurst,Lee Beach,06-02-56,06-24-02,11-25-01
Sloane Sargent,Xavier Olson,Erin Nelson,04-08-49,10-27-02,05-07-98
Nelle Solis,Hamish Martin,Brittany Beasley,12-04-83,05-21-88,08-24-96
Caryn Stewart,Preston Case,Lavinia Sharp,10-09-70,02-22-92,03-12-98
Tashya Goodwin,Marshall Conway,Jennifer Hooper,08-06-48,06-18-93,02-10-89
Charlotte Blackburn,Macaulay Maddox,Dara Rowland,04-06-54,12-28-98,05-16-86
Brooke Villarreal,Vincent Sheppard,Selma Chen,05-09-83,03-28-02,10-02-85
Emily Sparks,Nathan Trevino,Megan Logan,12-15-45,09-10-02,06-06-02
Kimberley Church,Carson Buck,Aretha Bauer,12-04-81,03-09-84,04-12-88
Jorden Mcmahon,Otto Dotson,Dana Watkins,06-28-55,01-06-05,04-24-00
Velma Holloway,Lane Hunt,Patience Witt,06-25-46,08-07-94,06-23-97
Kathleen Talley,Uriel Valdez,Mary Leblanc,04-05-82,01-29-96,08-22-93
Maryam Rojas,Elton Riley,Jolie Rivas,06-25-79,07-06-90,03-22-00
Chastity Mays,Chaney Gonzales,Kimberley Thompson,06-18-49,10-03-85,08-08-83
Carissa Dejesus,Paul Zamora,Regina Dixon,02-10-60,07-06-01,09-25-86
Ciara Snow,Timon Keith,Anne Harding,05-19-76,03-12-83,09-12-83
Odette Foreman,Addison Osborn,Fleur Sims,08-30-89,03-03-92,07-28-96
Sydney Navarro,Brandon Reid,Aphrodite Martin,11-21-90,04-09-95,10-07-02
Xaviera Ruiz,Hector Alvarado,Madeline Bradford,10-25-44,02-01-83,12-17-01
Cassandra Zimmerman,Wyatt Cooper,Wynne Evans,09-30-64,07-10-82,09-25-83
Venus Olsen,Grady Santos,Lilah Cameron,04-23-50,07-06-92,09-04-94
Unity Taylor,Xander Weeks,Dana Wooten,06-10-79,04-01-98,07-25-02
Yoko Sheppard,Zachery Rowland,Ainsley Molina,10-05-66,06-29-89,07-14-85
Holly Tyson,Dillon Leblanc,Simone Avila,02-25-76,05-04-93,04-22-85
Whitney Franklin,Kirk Conway,Zelda Peters,12-07-77,05-07-90,12-03-01
Venus Heath,Sylvester Lucas,Dorothy Graves,02-21-81,08-09-99,12-18-98
Lareina Wise,Ciaran Huff,Naida Barnes,09-20-64,11-15-86,06-28-97
Carly Robertson,Zane Sparks,Courtney Hayes,05-23-81,03-31-88,06-02-96
Alfreda Stokes,Abbot Lynn,Leila Caldwell,05-28-91,09-29-90,03-28-01
Destiny Barrera,Carter Ayers,Ignacia Mcmahon,03-15-50,03-09-86,11-05-01
Renee Santos,Matthew Rivers,Emily Stanton,01-31-73,07-31-82,04-19-91
Miriam Bell,Kelly Wiley,Emi Cobb,12-21-59,02-10-81,12-19-84
Geraldine Kane,Declan Fry,Yoko Morris,10-05-71,12-28-00,04-10-96
Jael Cote,Knox Combs,Jocelyn Pennington,10-05-89,02-02-05,09-14-84
Julie Buck,Arden Morton,Frances Cohen,06-04-76,10-24-90,12-01-98
Skyler Kemp,Jarrod Mccarty,Adria Slater,03-13-57,08-05-92,05-29-97
Chloe Keller,Zachary Snyder,Irene Ferrell,02-09-61,11-06-86,07-08-91
Alika Huffman,Dexter Kelley,Elaine Cherry,08-21-43,03-28-83,11-10-01
Maryam West,Griffin Benjamin,Remedios Santiago,12-09-83,04-30-87,10-29-92
Maite Oconnor,Kermit Lynn,Harriet Fuller,09-29-72,12-11-93,08-07-85
Shaine William,Prescott Sanders,Dara Stephens,02-10-74,04-15-01,10-15-98
Dominique Weber,Zane Terrell,Xandra Bowman,01-10-77,01-16-88,06-17-01
Ima Espinoza,Baker Butler,Demetria Phillips,06-30-43,07-08-86,06-08-97
Jaden Giles,Aristotle Mullins,Rina Pratt,07-26-79,07-21-97,01-15-87
Desirae Carver,Allistair Decker,Lacota Garrett,11-23-66,11-22-02,11-15-95
Maggie Herman,Colin Wyatt,Paloma Bowers,01-01-72,10-09-81,02-23-01
Giselle Parker,Brandon Howe,Rhoda Bailey,05-20-58,05-18-03,12-20-89
Jael Holloway,Tarik Fitzpatrick,Carissa Lindsay,06-24-58,11-03-88,08-18-83
Rhea Daniels,Jameson Fleming,Michelle Perkins,04-15-61,04-14-96,06-19-91
Germane Emerson,Declan Lyons,Inga Hahn,08-28-47,11-15-94,01-02-84
Urielle Guerra,Alan Gregory,Chastity Knox,03-21-79,10-17-04,09-13-83
Katell Hurley,Ralph Ballard,Ashely Buck,04-17-52,04-29-93,08-28-98
Celeste Rasmussen,Walter Reed,Shaeleigh Randolph,06-01-91,08-16-90,07-19-84
Desiree Erickson,Marsden Ramirez,Joelle Fitzgerald,03-10-91,11-01-03,10-09-91
Dorothy Keller,Joshua Hoover,Harriet Duran,11-03-43,01-29-02,11-22-91
Charissa Meyers,Brent Barr,Naomi Howell,05-12-51,02-14-88,12-23-95
Mariko Guerrero,Baxter Moon,Mira Burt,10-11-77,09-12-85,08-30-02
Jorden Fleming,Hayden Macias,Kelly Velazquez,06-29-67,09-22-91,08-18-00
Stacy Fitzgerald,Gregory Burke,Jenette Mcfadden,01-25-75,09-20-00,12-13-97
Jada Perkins,Stewart Mullins,Mikayla Mckay,12-08-70,04-28-87,02-15-90
Wanda Phelps,Zeph Sutton,Brenda Lamb,07-21-68,10-03-81,11-06-88
Aretha Mcgee,Axel Walton,Lois Yang,07-15-57,04-27-96,01-01-98
Sylvia Oneill,Gabriel Beach,Karina Chang,10-20-79,06-12-02,06-18-01
Yoko Montoya,Lee Delaney,Kalia Gill,09-23-77,11-07-95,04-26-85
Ariel Deleon,Yuli Hunt,Mechelle Cummings,11-13-48,08-18-93,02-20-92
Katell Potts,Arthur Mayer,Buffy Mooney,03-01-60,10-02-85,02-05-98
Selma Maldonado,Allen Kemp,Hedda Kelley,08-24-65,12-17-03,03-08-94
Zelenia Oneal,Noah Horton,Alyssa Monroe,08-25-49,09-04-99,01-16-03
Hillary Mosley,Melvin Schroeder,Anne Booth,12-05-60,04-07-03,08-24-89
Patience Vaughan,Merrill Guerrero,Gillian Howard,04-03-66,05-17-02,12-13-98
Kyra Strong,Burton Eaton,Zena Rios,12-20-44,09-22-96,02-27-85
Hollee Rocha,Brody Acevedo,Cathleen Ferguson,09-24-64,04-02-94,12-10-90
Serena Hughes,Sean Medina,Jael Lancaster,11-18-88,08-16-02,02-15-01
Willow Gilbert,Cody Larsen,Macey Lang,07-08-44,10-12-89,12-07-83
Amanda Branch,Lucas Summers,Nyssa Adkins,12-05-67,05-31-03,01-04-01
Rebecca Garner,Baxter Trujillo,Sybil Dennis,02-04-48,02-17-87,12-20-90
Quail Abbott,Louis Conner,Clare David,02-06-70,12-19-91,07-05-85
Jolie Thornton,Talon Blevins,Nelle Evans,02-21-79,12-05-93,02-14-90
Casey Hall,Gage Kramer,Iliana Carpenter,11-24-59,03-14-05,12-27-02
Dorothy Chavez,Vladimir Lambert,Ruth Carver,02-12-67,02-16-95,12-24-90
Leslie Rush,Reuben Pollard,Chastity Osborne,01-12-61,10-28-87,08-11-00
Nichole Jacobson,Garrison Clay,Kerry Roberts,03-09-44,10-22-99,05-11-96
Frances Hammond,Ivor Compton,Grace Estes,01-26-78,02-18-85,12-01-94
Lara Mcgee,Walter Mcleod,Samantha Blair,04-01-53,06-27-82,01-18-86
Ursula Diaz,Walter Bright,MacKenzie Buck,03-23-55,05-26-94,01-02-92
Grace Buckley,Peter Swanson,Brynn Mccormick,03-13-84,08-02-92,09-01-00
Pascale Roach,Gage Grimes,Doris Heath,10-21-61,09-16-90,07-28-01
Martena Rosa,Erasmus Steele,Irene Fry,09-26-71,10-18-96,09-16-95